{
	"material":  "maps/de_anubis.png",
	"pos_x": -2796.000000,
	"pos_y": 3328.000000,
	"scale":  5.220000
}
